package_name,target,exists,unpublished,published,removed,latest_version,number_of_versions,downloads
-gzip-ize,gzip-size,True,False,2022-08-18 15:50:28.607000+00:00,2022-08-19 08:16:27.001000+00:00,1.2.0,1,178.0
-harseurl,parseurl,True,False,2022-08-18 15:50:34.620000+00:00,2022-08-19 08:16:32.913000+00:00,1.2.0,1,171.0
-redux-forjm,redux-form,True,False,2022-08-18 16:02:49.564000+00:00,2022-08-19 08:37:58.859000+00:00,1.2.0,1,176.0
1y8n,y18n,True,True,2022-10-02 13:06:34.031000+00:00,2022-10-02 14:55:16.402000+00:00,5.0.8,1,
5rn,rn,True,False,2022-08-18 14:53:38.693000+00:00,2022-08-19 03:58:22.923000+00:00,1.2.0,1,55.0
5string,string,True,False,2022-08-18 15:38:17.530000+00:00,2022-08-19 07:49:32.323000+00:00,1.2.0,1,54.0
6jestlr,jest,True,False,2022-08-18 14:53:41.627000+00:00,2022-08-19 03:58:25.712000+00:00,1.2.0,1,57.0
7unzp,unzip,True,False,2022-08-18 14:53:46.690000+00:00,2022-08-19 03:58:31.170000+00:00,1.2.0,1,58.0
9args,args,True,False,2022-08-18 14:53:49.848000+00:00,2022-08-19 03:58:33.708000+00:00,1.2.0,1,59.0
9mz,mz,True,False,2022-08-18 14:53:52.645000+00:00,2022-08-19 03:58:36.180000+00:00,1.2.0,1,56.0
ahs-flag,has-flag,True,True,2022-10-02 13:33:06.334000+00:00,2022-10-02 14:55:45.006000+00:00,5.0.1,1,
ahtts,https,True,False,2022-08-18 14:54:10.337000+00:00,2022-08-19 03:58:44.114000+00:00,1.2.0,1,29.0
amelcsxe,camelcase,True,False,2022-08-18 14:54:17.337000+00:00,2022-08-19 03:58:49.869000+00:00,1.2.0,1,33.0
anmyatch,anymatch,True,True,2022-10-02 13:03:36.769000+00:00,2022-10-02 14:55:12.065000+00:00,3.1.2,1,
ansi-ergex,ansi-regex,True,True,2022-10-02 13:29:53.190000+00:00,2022-10-02 14:55:41.980000+00:00,6.0.1,1,
ansi-reegx,ansi-regex,True,True,2022-10-02 13:30:24.526000+00:00,2022-10-02 14:55:43.478000+00:00,6.0.1,1,
ansi-regxe,ansi-regex,True,True,2022-10-02 13:30:35.154000+00:00,2022-10-02 14:55:44.263000+00:00,6.0.1,1,
ansi-rgeex,ansi-regex,True,True,2022-10-02 13:30:03.922000+00:00,2022-10-02 14:55:42.822000+00:00,6.0.1,1,
ansiescapeks,ansi-escape,True,False,2022-08-18 14:54:33.088000+00:00,2022-08-19 03:59:01.507000+00:00,1.2.0,1,30.0
anyamtch,anymatch,True,True,2022-10-02 13:03:49.244000+00:00,2022-10-02 14:55:12.958000+00:00,3.1.2,1,
anymacth,anymatch,True,True,2022-10-02 13:04:13.606000+00:00,2022-10-02 14:55:14.976000+00:00,3.1.2,1,
anymathc,anymatch,True,True,2022-10-02 13:04:26.656000+00:00,2022-10-02 14:55:15.670000+00:00,3.1.2,1,
anymtach,anymatch,True,True,2022-10-02 13:04:03.557000+00:00,2022-10-02 14:55:13.729000+00:00,3.1.2,1,
apollocli8ent,apollo-client,True,False,2022-08-18 14:54:37.057000+00:00,2022-08-19 03:59:04.441000+00:00,1.2.0,1,31.0
apollxo-clfient,apollo-client,True,False,2022-08-18 15:38:59.152000+00:00,2022-08-19 07:49:53.971000+00:00,1.2.0,1,32.0
apth-exists,path-exists,True,False,2022-08-18 15:39:05.103000+00:00,2022-08-19 07:49:56.715000+00:00,1.2.0,1,31.0
asni-regex,ansi-regex,True,True,2022-10-02 13:29:31.970000+00:00,2022-10-02 14:55:40.519000+00:00,6.0.1,1,
autoprefirx,autoprefix,True,False,2022-08-18 14:54:53.343000+00:00,2022-08-19 03:59:15.458000+00:00,1.2.0,1,33.0
aynmatch,anymatch,True,True,2022-10-02 13:03:23.913000+00:00,2022-10-02 14:55:11.151000+00:00,3.1.2,1,
bab3el-regyster,babel-register,True,False,2022-08-18 15:39:34.351000+00:00,2022-08-19 07:50:07.671000+00:00,1.2.0,1,42.0
babel-plugin-transfvrm-rvntime,@babel/plugin-transform-runtime,True,False,2022-08-18 15:40:00.741000+00:00,2022-08-19 07:50:18.595000+00:00,1.2.0,1,31.0
babel-polyflil,babel-polyfill,True,False,2022-08-18 15:40:12.540000+00:00,2022-08-19 07:50:21.286000+00:00,1.2.0,1,38.0
babel-preset-reatc,babel-preset-react,True,False,2022-08-18 15:40:18.749000+00:00,2022-08-19 07:50:24.697000+00:00,1.2.0,1,35.0
babelspolyfil,babel-polyfill,True,False,2022-08-18 14:56:10.239000+00:00,2022-08-19 04:00:23.623000+00:00,1.2.0,1,39.0
babetyopes,babel-types,True,False,2022-08-18 14:56:21.262000+00:00,2022-08-19 04:00:42.268000+00:00,1.2.0,1,38.0
baeltraverse,babel-traverse,True,False,2022-08-18 14:56:39.452000+00:00,2022-08-19 04:01:17.174000+00:00,1.2.0,1,33.0
baseu64js,base64-js,True,False,2022-08-18 14:56:44.281000+00:00,2022-08-19 04:01:29.061000+00:00,1.2.0,1,41.0
bconffee-script,coffee-script,True,False,2022-08-18 15:40:57.821000+00:00,2022-08-19 07:50:47.583000+00:00,1.2.0,1,31.0
bn.sj,bn.js,True,False,2022-08-18 15:41:18.461000+00:00,2022-08-19 07:51:02.002000+00:00,1.2.0,1,27.0
bodyfpvarser,body-parser,True,False,2022-08-18 14:57:17.725000+00:00,2022-08-19 04:02:11.761000+00:00,1.2.0,1,34.0
bootlstap,bootstrap,True,False,2022-08-18 14:57:20.214000+00:00,2022-08-19 04:02:17.073000+00:00,1.2.0,1,42.0
browsersilst,browserslist,True,False,2022-08-18 14:57:37.577000+00:00,2022-08-19 04:02:41.908000+00:00,1.2.0,1,32.0
brsolve-from,resolve-from,True,False,2022-08-18 15:41:39.533000+00:00,2022-08-19 07:51:11.047000+00:00,1.2.0,1,35.0
bryp4t,bcrypt,True,False,2022-08-18 14:57:40.471000+00:00,2022-08-19 04:02:47.836000+00:00,1.2.0,1,31.0
bubird,bluebird,True,False,2022-08-18 15:41:42.229000+00:00,2022-08-19 07:51:13.939000+00:00,1.2.0,1,34.0
bytebufevr,bytebuffer,True,False,2022-08-18 15:41:57.800000+00:00,2022-08-19 07:51:26.959000+00:00,1.2.0,1,30.0
c6lipboady,clipboard,True,False,2022-08-18 15:42:00.503000+00:00,2022-08-19 07:51:32.063000+00:00,1.2.0,1,35.0
ca-bucky-client,bucky,True,False,2022-07-13 08:06:00.640000+00:00,2022-09-19 21:27:19.420000+00:00,0.0.2,22,27.0
cam.flcase,camelcase,True,False,2022-08-18 15:42:05.044000+00:00,2022-08-19 07:51:38.179000+00:00,1.2.0,1,30.0
canavs,canvas,True,False,2022-08-18 15:42:07.333000+00:00,2022-08-19 07:51:42.303000+00:00,1.2.0,1,71.0
changcase,change-case,True,False,2022-08-18 14:58:19.491000+00:00,2022-08-19 04:03:20.240000+00:00,1.2.0,1,33.0
chokdazr,chokidar,True,False,2022-08-18 15:42:34.802000+00:00,2022-08-19 07:52:07.845000+00:00,1.2.0,1,30.0
cli-tabkle2,cli-table2,True,False,2022-08-18 15:43:13.986000+00:00,2022-08-19 07:52:29.907000+00:00,1.2.0,1,38.0
clipobard,clipboard,True,False,2022-08-18 15:42:55.294000+00:00,2022-08-19 07:52:21.098000+00:00,1.2.0,1,32.0
clpiboard,clipboard,True,False,2022-08-18 14:58:46.577000+00:00,2022-08-19 04:03:41.053000+00:00,1.2.0,1,40.0
clpiboardy,clipboard,True,False,2022-08-18 14:58:49.467000+00:00,2022-08-19 04:03:44.350000+00:00,1.2.0,1,37.0
cmmande,commander,True,False,2022-08-18 15:43:28.891000+00:00,2022-08-19 07:52:34.252000+00:00,1.2.0,1,40.0
colors-2.2.0,colors,True,True,2022-03-09 08:01:31.207000+00:00,2022-03-10 16:46:10.517000+00:00,1.0.0,1,
colors-3.0,colors,True,False,2022-03-05 18:43:32.873000+00:00,2022-03-10 16:44:03.693000+00:00,1.0.0,1,99.0
colors-help,colors,True,False,2022-04-30 03:24:05.788000+00:00,2022-05-03 08:31:27.768000+00:00,1.4.0,1,73.0
colors-helper,colors,True,False,2022-04-30 14:01:19.902000+00:00,2022-05-03 08:31:30.095000+00:00,1.4.0,1,70.0
colors-support,colors,True,False,2022-05-08 04:28:42.051000+00:00,2022-06-01 09:02:14.682000+00:00,1.5.3,1,87.0
colors-update,colors,True,False,2022-05-07 02:10:23.336000+00:00,2022-05-16 07:04:55.997000+00:00,2.0.0,6,87.0
colors2.0,colors,True,False,2021-11-21 21:58:54.128000+00:00,2022-03-10 16:16:16.874000+00:00,2.0.0,2,93.0
colors_express,colors,True,False,2022-04-29 05:17:21.196000+00:00,2022-05-31 11:55:07.312000+00:00,1.4.5,1,87.0
colorsss,colors,True,False,2022-03-05 08:05:29.249000+00:00,2022-03-10 16:50:10.423000+00:00,0.0.2,2,104.0
comnader,commander,True,False,2022-08-18 14:59:20.702000+00:00,2022-08-19 04:04:02.067000+00:00,1.2.0,1,36.0
concatstr6eam,concat-stream,True,False,2022-08-18 14:59:28.674000+00:00,2022-08-19 04:04:07.902000+00:00,1.2.0,1,32.0
cooieparser,cookie-parser,True,False,2022-08-18 14:59:50.107000+00:00,2022-08-19 04:04:22.237000+00:00,1.2.0,1,32.0
copressio,compression,True,False,2022-08-18 14:59:52.874000+00:00,2022-08-19 04:04:24.853000+00:00,1.2.0,1,30.0
create-hshs,create-hash,True,False,2022-08-18 15:44:22.547000+00:00,2022-08-19 07:52:49.521000+00:00,1.2.0,1,36.0
creathash,create-hash,True,False,2022-08-18 15:00:13.433000+00:00,2022-08-19 04:04:39.747000+00:00,1.2.0,1,37.0
crossfetkh,cross-fetch,True,False,2022-08-18 15:00:27.783000+00:00,2022-08-19 04:04:51.193000+00:00,1.2.0,1,30.0
crypt-osj,crypto-js,True,False,2022-08-18 15:44:32.128000+00:00,2022-08-19 07:52:52.240000+00:00,1.2.0,1,29.0
czss,css,True,False,2022-08-18 15:00:57.077000+00:00,2022-08-19 04:05:11.350000+00:00,1.2.0,1,29.0
db-json.js,db-json,True,False,2020-11-30 18:13:33.767000+00:00,2020-11-30 18:15:28.860000+00:00,1.0.3,2,330.0
deepdif,deep-diff,True,False,2022-08-18 15:01:33.888000+00:00,2022-08-19 04:05:36.663000+00:00,1.2.0,1,27.0
deepemrge,deepmerge,True,False,2022-08-18 15:45:08.673000+00:00,2022-08-19 07:53:13.072000+00:00,1.2.0,1,29.0
deepqeul,deep-equal,True,False,2022-08-18 15:01:41.215000+00:00,2022-08-19 04:05:41.963000+00:00,1.2.0,1,27.0
detectpert,detect-port,True,False,2022-08-18 15:45:13.428000+00:00,2022-08-19 07:53:15.794000+00:00,1.2.0,1,29.0
deubg,debug,True,True,2019-04-04 13:31:05.496000+00:00,2022-10-02 14:55:23.691000+00:00,4.3.4,2,
discord.dll,discord.js,True,False,2020-11-09 23:39:11.918000+00:00,2020-11-09 23:39:51.562000+00:00,1.0.0,1,360.0
dlscordjs,discord.js,True,False,2022-08-18 15:02:01.241000+00:00,2022-08-19 04:05:56.108000+00:00,1.2.0,1,27.0
dom-seriaiizer,dom-serializer,True,True,2022-08-21 13:30:16.417000+00:00,2022-08-22 03:53:14.082000+00:00,1.2.0,1,
dowloa,download,True,False,2022-08-18 15:45:27.590000+00:00,2022-08-19 07:53:21.554000+00:00,1.2.0,1,31.0
drftjs,draft-js,True,False,2022-08-18 15:02:25.078000+00:00,2022-08-19 04:06:08.128000+00:00,1.2.0,1,38.0
dsfcord.js,discord.js,True,False,2022-08-18 15:45:32.503000+00:00,2022-08-19 07:53:24.389000+00:00,1.2.0,1,30.0
dtemv,temp,True,False,2022-08-18 15:02:30.710000+00:00,2022-08-19 04:06:11.056000+00:00,1.2.0,1,33.0
duplex-child-orocess,duplex-child-process,True,False,2022-08-16 15:44:17.194000+00:00,2022-08-19 08:45:42.713000+00:00,8.1.2,6,33.0
duplex-child-rocess,duplex-child-process,True,False,2022-08-18 22:49:39.494000+00:00,2022-08-19 08:45:47.937000+00:00,8.1.2,1,33.0
eact-routre,react-router,True,False,2022-08-18 15:45:44.355000+00:00,2022-08-19 07:53:33.710000+00:00,1.2.0,1,31.0
edbug,debug,True,True,2019-04-04 13:30:51.928000+00:00,2022-10-02 14:55:22.856000+00:00,4.3.4,2,
elecrof,electron,True,False,2022-08-18 15:03:09.392000+00:00,2022-08-19 04:06:39.384000+00:00,1.2.0,1,41.0
electorn,electron,True,False,2020-10-01 16:29:45.672000+00:00,2020-10-01 16:30:27.584000+00:00,10.0.0,1,4134.0
elfecteron,electron,True,False,2022-08-18 15:46:03.934000+00:00,2022-08-19 08:13:19.137000+00:00,1.2.0,1,29.0
enden,endent,True,False,2022-08-18 12:33:59.434000+00:00,2022-08-19 03:54:47.058000+00:00,4.5.22,1,31.0
endnet,endent,True,False,2022-08-18 12:34:15.051000+00:00,2022-08-19 03:54:49.839000+00:00,4.5.22,1,26.0
es-int-pluginr-prettier,eslint-plugin-prettier,True,False,2022-08-18 15:46:47.477000+00:00,2022-08-19 08:13:51.128000+00:00,1.2.0,1,28.0
es68prumise,es6-promise,True,False,2022-08-18 15:03:38.306000+00:00,2022-08-19 04:07:02.865000+00:00,1.2.0,1,26.0
es9-prhmise,es6-promise,True,False,2022-08-18 15:46:44.609000+00:00,2022-08-19 08:13:45.273000+00:00,1.2.0,1,38.0
eslint-plugin-reatc,eslint-plugin-react,True,False,2022-08-18 15:47:10.281000+00:00,2022-08-19 08:14:19.418000+00:00,1.2.0,1,36.0
esrtaverse,estraverse,True,True,2022-10-02 13:47:20.310000+00:00,2022-10-02 14:56:10.572000+00:00,5.3.0,1,
estarverse,estraverse,True,True,2022-10-02 13:47:29.642000+00:00,2022-10-02 14:56:11.412000+00:00,5.3.0,1,
estraevrse,estraverse,True,True,2022-10-02 13:47:51.246000+00:00,2022-10-02 14:56:12.916000+00:00,5.3.0,1,
estravesre,estraverse,True,True,2022-10-02 13:48:31.686000+00:00,2022-10-02 14:56:14.313000+00:00,5.3.0,1,
estravrese,estraverse,True,True,2022-10-02 13:48:21.001000+00:00,2022-10-02 14:56:13.547000+00:00,5.3.0,1,
estrvaerse,estraverse,True,True,2022-10-02 13:47:39.510000+00:00,2022-10-02 14:56:12.071000+00:00,5.3.0,1,
etsraverse,estraverse,True,True,2022-10-02 13:47:11.317000+00:00,2022-10-02 14:56:09.816000+00:00,5.3.0,1,
euirejs,requirejs,True,False,2022-08-18 15:04:51.946000+00:00,2022-08-19 04:08:06.284000+00:00,1.2.0,1,33.0
evelu,eval,True,False,2022-08-18 15:04:54.810000+00:00,2022-08-19 04:08:08.992000+00:00,1.2.0,1,33.0
ewbidl-conversions,webidl-conversions,True,True,2022-10-02 12:45:37.439000+00:00,2022-10-02 14:54:51.013000+00:00,2.0.0,1,
ex6error,es6-error,True,False,2022-08-18 15:05:04.244000+00:00,2022-08-19 04:08:11.888000+00:00,1.2.0,1,35.0
extned,extend,True,False,2022-08-18 15:05:18.186000+00:00,2022-08-19 04:08:25.991000+00:00,1.2.0,1,39.0
extratazip,extract-zip,True,False,2022-08-18 15:05:24.868000+00:00,2022-08-19 04:08:31.852000+00:00,1.2.0,1,31.0
foermdata,form-data,True,False,2022-08-18 15:06:15.829000+00:00,2022-08-19 04:09:16.437000+00:00,1.2.0,1,34.0
foever,forever,True,False,2019-05-30 03:05:24.143000+00:00,2019-05-30 03:21:49.185000+00:00,1.0.0,1,762.0
follow-rdeirects,follow-redirects,True,False,2022-08-18 15:48:20.467000+00:00,2022-08-19 08:15:02.889000+00:00,1.2.0,1,22.0
font-awesomwu,font-awesome,True,False,2022-08-18 15:48:23.095000+00:00,2022-08-19 08:15:06.156000+00:00,1.2.0,1,31.0
foptaweome,font-awesome,True,False,2022-08-18 15:06:24.302000+00:00,2022-08-19 04:09:25.113000+00:00,1.2.0,1,34.0
froever,forever,True,False,2019-05-30 03:05:52.968000+00:00,2019-05-30 03:25:37.060000+00:00,1.0.0,1,481
ginore,ignore,True,True,2022-10-02 13:09:04.819000+00:00,2022-10-02 14:55:18.894000+00:00,5.2.0,1,
glbo-parent,glob-parent,True,True,2022-10-02 13:44:13.340000+00:00,2022-10-02 14:56:04.870000+00:00,6.0.2,1,
glob-paernt,glob-parent,True,True,2022-10-02 13:44:47.347000+00:00,2022-10-02 14:56:06.939000+00:00,6.0.2,1,
glob-paretn,glob-parent,True,True,2022-10-02 13:45:30.516000+00:00,2022-10-02 14:56:08.401000+00:00,6.0.2,1,
glob-praent,glob-parent,True,True,2022-10-02 13:44:36.357000+00:00,2022-10-02 14:56:06.210000+00:00,6.0.2,1,
golb-parent,glob-parent,True,True,2022-10-02 13:44:00.785000+00:00,2022-10-02 14:56:04.080000+00:00,6.0.2,1,
good-listene,good-listener,True,False,2022-08-18 12:36:22.910000+00:00,2022-08-19 03:55:09.629000+00:00,4.5.22,1,26.0
googleaips,googleapis,True,False,2022-08-18 15:07:38.502000+00:00,2022-08-19 04:10:22.608000+00:00,1.2.0,1,36.0
graymatte5r,gray-matter,True,False,2022-08-18 15:07:48.385000+00:00,2022-08-19 04:10:31.384000+00:00,1.2.0,1,31.0
grayq-mater,gray-matter,True,False,2022-08-18 15:49:14.917000+00:00,2022-08-19 08:15:38.758000+00:00,1.2.0,1,31.0
gular,angular,True,False,2022-08-18 15:49:38.881000+00:00,2022-08-19 08:15:53.345000+00:00,1.2.0,1,33.0
gulpuil,gulp-util,True,False,2022-08-18 15:09:05.256000+00:00,2022-08-19 04:11:32.415000+00:00,1.2.0,1,43.0
gup-conca,gulp-concat,True,False,2022-08-18 15:50:19.628000+00:00,2022-08-19 08:16:18.876000+00:00,1.2.0,1,35.0
gxqobal,global,True,False,2022-08-18 15:50:24.949000+00:00,2022-08-19 08:16:24.403000+00:00,1.2.0,1,34.0
has-falg,has-flag,True,True,2022-10-02 13:33:36.855000+00:00,2022-10-02 14:55:47.253000+00:00,5.0.1,1,
has-lfag,has-flag,True,True,2022-10-02 13:33:27.832000+00:00,2022-10-02 14:55:46.539000+00:00,5.0.1,1,
highlighjtjs,highlight.js,True,False,2022-08-18 15:09:55.071000+00:00,2022-08-19 06:35:07.539000+00:00,1.2.0,1,28.0
highligjt.sj,highlight.js,True,False,2022-08-18 15:50:42.963000+00:00,2022-08-19 08:16:41.389000+00:00,1.2.0,1,25.0
hpathexists,path-exists,True,False,2022-08-18 15:10:24.048000+00:00,2022-08-19 06:35:29.237000+00:00,1.2.0,1,29.0
hsa-flag,has-flag,True,True,2022-10-02 13:33:15.792000+00:00,2022-10-02 14:55:45.762000+00:00,5.0.1,1,
hsebang-command,shebang-command,True,True,2022-10-02 12:58:35.620000+00:00,2022-10-02 14:55:02.710000+00:00,2.0.0,1,
htlparsevr2,htmlparser2,True,False,2022-08-18 15:10:30.359000+00:00,2022-08-19 06:35:31.808000+00:00,1.2.0,1,38.0
http-erorrs,http-errors,True,True,2022-10-02 13:41:51.915000+00:00,2022-10-02 14:56:00.904000+00:00,2.0.0,1,
http-errros,http-errors,True,True,2022-10-02 13:42:03.142000+00:00,2022-10-02 14:56:01.650000+00:00,2.0.0,1,
http-proxy-iddlemare,http-proxy-middleware,True,False,2022-08-18 15:51:02.115000+00:00,2022-08-19 08:16:53.410000+00:00,1.2.0,1,37.0
http-rerors,http-errors,True,True,2022-10-02 13:41:41.947000+00:00,2022-10-02 14:56:00.216000+00:00,2.0.0,1,
http4s-proxy-aget,https-proxy-agent,True,False,2022-08-18 15:50:58.897000+00:00,2022-08-19 08:16:50.835000+00:00,1.2.0,1,37.0
httrperrors,http-errors,True,False,2022-08-18 15:11:00.922000+00:00,2022-08-19 06:35:53.155000+00:00,1.2.0,1,34.0
hulp,gulp,True,False,2018-08-15 16:14:13.929000+00:00,2019-05-29 18:09:17.175000+00:00,1.0.0,1,2148.0
husy,busy,True,False,2022-08-18 15:11:07.675000+00:00,2022-08-19 06:35:55.717000+00:00,1.2.0,1,655.0
iedux,redux,True,False,2022-08-18 15:51:13.024000+00:00,2022-08-19 08:17:01.472000+00:00,1.2.0,1,30.0
ignoer,ignore,True,True,2022-10-02 13:09:50.506000+00:00,2022-10-02 14:55:22.006000+00:00,5.2.0,1,
ignroe,ignore,True,True,2022-10-02 13:09:39.719000+00:00,2022-10-02 14:55:21.265000+00:00,5.2.0,1,
igonre,ignore,True,True,2022-10-02 13:09:26.364000+00:00,2022-10-02 14:55:20.411000+00:00,5.2.0,1,
imcromatch,micromatch,True,True,2022-10-02 13:57:02.296000+00:00,2022-10-02 14:56:18.720000+00:00,4.0.5,1,
ingore,ignore,True,True,2022-10-02 13:09:15.041000+00:00,2022-10-02 14:55:19.624000+00:00,5.2.0,1,
inherigss,inherits,True,False,2022-08-18 15:51:24.186000+00:00,2022-08-19 08:17:13.622000+00:00,1.2.0,1,34.0
invairant,invariant,True,False,2022-08-18 15:51:31.023000+00:00,2022-08-19 08:17:19.483000+00:00,1.2.0,1,29.0
invariqaot,invariant,True,False,2022-08-18 15:11:50.432000+00:00,2022-08-19 06:36:19.810000+00:00,1.2.0,1,28.0
isextrt,isexe,True,False,2022-08-18 15:12:10.512000+00:00,2022-08-19 07:38:40.571000+00:00,1.2.0,1,35.0
isntall,install,True,False,2022-08-18 15:51:38.872000+00:00,2022-08-19 08:17:25.175000+00:00,1.2.0,1,92.0
isomorphi-cetch,isomorphic-fetch,True,False,2022-08-18 15:51:40.718000+00:00,2022-08-19 08:17:28.189000+00:00,1.2.0,1,28.0
isprgomise,is-promise,True,False,2022-08-18 15:12:23.999000+00:00,2022-08-19 07:38:57.770000+00:00,1.2.0,1,40.0
itfile-saver,file-saver,True,False,2022-08-18 15:51:46.936000+00:00,2022-08-19 08:17:31.376000+00:00,1.2.0,1,36.0
jasminecor,jasmine-core,True,False,2022-08-18 15:12:41.936000+00:00,2022-08-19 07:39:19.758000+00:00,1.2.0,1,32.0
jdb.js,jdb,True,False,2020-11-30 18:13:33.441000+00:00,2020-11-30 18:14:43.061000+00:00,1.0.0,1,299.0
jessc,jsesc,True,True,2022-10-02 13:55:03.529000+00:00,2022-10-02 14:56:16.469000+00:00,3.0.2,1,
jhasj-sum,hash-sum,True,False,2022-08-18 15:52:05.006000+00:00,2022-08-19 08:17:42.617000+00:00,1.2.0,1,33.0
jqeury,jquery,True,False,2019-05-30 03:06:04.094000+00:00,2019-05-30 03:26:00.226000+00:00,1.0.0,1,11979.0
jquerry,jquery,True,False,2021-01-29 09:51:23.436000+00:00,2021-01-30 17:11:08.104000+00:00,2.0.0,1,5626.0
jquery-lh,jquery-ui,True,False,2022-02-16 08:24:47.018000+00:00,2022-02-21 10:26:37.028000+00:00,0.1.2,4,97.0
jquiry-uq,jquery-ui,True,False,2022-08-18 15:52:10.996000+00:00,2022-08-19 08:17:48.664000+00:00,1.2.0,1,35.0
jsase64,base-64,True,False,2022-08-18 15:13:05.510000+00:00,2022-08-19 07:39:40.704000+00:00,1.2.0,1,36.0
jsecs,jsesc,True,True,2022-10-02 13:56:00.938000+00:00,2022-10-02 14:56:18.100000+00:00,3.0.2,1,
jsnwebtokn,jsonwebtoken,True,False,2022-08-18 15:13:14.578000+00:00,2022-08-19 07:39:50.543000+00:00,1.2.0,1,28.0
jssec,jsesc,True,True,2022-10-02 13:55:41.296000+00:00,2022-10-02 14:56:17.369000+00:00,3.0.2,1,
jwtdecope,jwt-decode,True,False,2022-08-18 15:13:32.577000+00:00,2022-08-19 07:40:12.185000+00:00,1.2.0,1,28.0
keyprss,keypress,True,False,2022-08-18 15:52:47.148000+00:00,2022-08-19 08:18:10.887000+00:00,1.2.0,1,40.0
koacompocse,koa-compose,True,False,2022-08-18 15:14:06.280000+00:00,2022-08-19 07:40:40.200000+00:00,1.2.0,1,35.0
lessoader,less-loader,True,False,2022-08-18 15:14:25.719000+00:00,2022-08-19 07:40:51.749000+00:00,1.2.0,1,29.0
levl,level,True,False,2015-09-01 08:16:25.349000+00:00,2022-08-19 07:40:54.982000+00:00,1.2.0,2,28.0
lgob-parent,glob-parent,True,True,2022-10-02 13:43:35.960000+00:00,2022-10-02 14:56:03.365000+00:00,6.0.2,1,
lkodash.isequa,lodash.isequal,True,False,2022-08-18 15:53:36.915000+00:00,2022-08-19 08:18:30.705000+00:00,1.2.0,1,32.0
loaashmcrge,lodash.merge,True,False,2022-08-18 15:14:44.020000+00:00,2022-08-19 07:41:03.541000+00:00,1.2.0,1,29.0
loadah,lodash,True,True,2022-05-31 08:21:28.338000+00:00,2022-06-01 08:59:39.071000+00:00,555.0.0,1,
loaderuwils,loader-utils,True,False,2022-08-18 15:14:47.064000+00:00,2022-08-19 07:41:06.620000+00:00,1.2.0,1,29.0
lodaschisstring,lodash.isstring,True,False,2022-08-18 15:14:58.988000+00:00,2022-08-19 07:41:12.683000+00:00,1.2.0,1,42.0
lodasfhmap,lodash.map,True,False,2022-08-18 15:15:02.632000+00:00,2022-08-19 07:41:16.772000+00:00,1.2.0,1,43.0
lodash.isstgrng,lodash.isstring,True,False,2022-08-18 15:53:53.654000+00:00,2022-08-19 08:18:36.660000+00:00,1.2.0,1,40.0
lodashassig,lodash.assign,True,False,2022-08-18 15:15:05.140000+00:00,2022-08-19 07:41:21.147000+00:00,1.2.0,1,37.0
lodashdkbounce,lodash.debounce,True,False,2022-08-18 15:15:10.103000+00:00,2022-08-19 07:41:28.234000+00:00,1.2.0,1,38.0
lodashflten,lodash.filter,True,False,2022-08-18 15:15:12.742000+00:00,2022-08-19 07:41:31.291000+00:00,1.2.0,1,50.0
lodashiequal,lodash.isequal,True,False,2022-08-18 15:15:19.356000+00:00,2022-08-19 07:41:37.302000+00:00,1.2.0,1,42.0
lodashisobjct,lodash.isobject,True,False,2022-08-18 15:15:27.191000+00:00,2022-08-19 07:41:46.657000+00:00,1.2.0,1,35.0
lodashs,lodash,True,True,2020-08-18 03:33:37.145000+00:00,2020-08-25 07:02:23.284000+00:00,1.0.2,2,
lodashuiq,lodash.uniq,True,False,2022-08-18 15:54:01.321000+00:00,2022-08-19 08:18:42.778000+00:00,1.2.0,1,45.0
lodasqhcamelcase,lodash.camelcase,True,False,2022-08-18 15:15:32.708000+00:00,2022-08-19 07:41:53.498000+00:00,1.2.0,1,38.0
lodasr.debvuce,lodash.debounce,True,False,2022-08-18 15:54:05.310000+00:00,2022-08-19 08:18:46.016000+00:00,1.2.0,1,40.0
logsymbles,log-symbols,True,False,2019-05-30 03:06:54.596000+00:00,2019-05-30 03:27:40.568000+00:00,1.0.0,1,399.0
lowashcamelcase,lodash.camelcase,True,False,2022-08-18 15:54:17.695000+00:00,2022-08-19 08:18:54.454000+00:00,1.2.0,1,32.0
lpodash-,lodash,True,False,2022-08-18 15:54:23.141000+00:00,2022-08-19 08:18:57.150000+00:00,1.2.0,1,28.0
lzdashuniq,lodash.uniq,True,False,2022-08-18 15:16:02.810000+00:00,2022-08-19 07:42:30.007000+00:00,1.2.0,1,29.0
m5d,md5,True,False,2022-08-18 15:16:06.835000+00:00,2022-08-19 07:42:33.509000+00:00,1.2.0,1,44.0
markdowvnit,markdown-it,True,False,2022-08-18 15:16:15.484000+00:00,2022-08-19 07:42:45.717000+00:00,1.2.0,1,39.0
mciromatch,micromatch,True,True,2022-10-02 13:57:11.276000+00:00,2022-10-02 14:56:19.577000+00:00,4.0.5,1,
mdz5-ile,md5-file,True,False,2022-08-18 15:54:39.958000+00:00,2022-08-19 08:19:11.615000+00:00,1.2.0,1,39.0
micormatch,micromatch,True,True,2022-10-02 13:57:29.287000+00:00,2022-10-02 14:56:21.023000+00:00,4.0.5,1,
micrmoatch,micromatch,True,True,2022-10-02 13:57:40.756000+00:00,2022-10-02 14:56:21.818000+00:00,4.0.5,1,
microamtch,micromatch,True,True,2022-10-02 13:57:51.868000+00:00,2022-10-02 14:56:22.538000+00:00,4.0.5,1,
micromacth,micromatch,True,True,2022-10-02 13:58:20.851000+00:00,2022-10-02 14:56:24.020000+00:00,4.0.5,1,
micromathc,micromatch,True,True,2022-10-02 13:58:32.896000+00:00,2022-10-02 14:56:24.869000+00:00,4.0.5,1,
micromtach,micromatch,True,True,2022-10-02 13:58:02.051000+00:00,2022-10-02 14:56:23.304000+00:00,4.0.5,1,
mimetyps,mime-types,True,False,2022-08-18 15:16:48.104000+00:00,2022-08-19 07:43:42.656000+00:00,1.2.0,1,35.0
mircomatch,micromatch,True,True,2022-10-02 13:57:19.826000+00:00,2022-10-02 14:56:20.271000+00:00,4.0.5,1,
mkae-dr,make-dir,True,False,2022-08-18 15:55:02.895000+00:00,2022-08-19 08:19:34.689000+00:00,1.2.0,1,33.0
mkidrp,make-dir,True,False,2022-08-18 15:55:06.283000+00:00,2022-08-19 08:19:37.434000+00:00,1.2.0,1,34.0
mogodb,mongodb,True,False,2019-08-01 18:37:34.783000+00:00,2019-08-01 18:40:52.448000+00:00,3.1.8,2,13110.0
mongdg,mongodb,True,False,2022-08-18 15:55:11.443000+00:00,2022-08-19 08:19:43.261000+00:00,1.2.0,1,37.0
mongobd,mongodb,True,False,2022-08-18 15:17:06.328000+00:00,2022-08-19 07:43:57.289000+00:00,1.2.0,1,862.0
mongoos,mongoose,True,False,2016-06-28 09:38:34.623000+00:00,2022-08-19 08:19:48.774000+00:00,1.2.0,2,5798.0
msqsl,mysql,True,False,2022-08-18 15:17:15.714000+00:00,2022-08-19 07:44:05.316000+00:00,1.2.0,1,39.0
mugtimach,multimatch,True,False,2022-08-18 15:17:21.701000+00:00,2022-08-19 07:44:08.747000+00:00,1.2.0,1,33.0
nasi-regex,ansi-regex,True,True,2022-10-02 13:29:22.564000+00:00,2022-10-02 14:55:39.646000+00:00,6.0.1,1,
naymatch,anymatch,True,True,2022-10-02 13:03:12.474000+00:00,2022-10-02 14:55:10.439000+00:00,3.1.2,1,
ndent,indent,True,False,2022-08-18 12:33:49.186000+00:00,2022-08-19 03:54:44.369000+00:00,4.5.22,1,29.0
noblox.js-proxies,noblox.js-proxied,True,False,2021-10-26 14:15:35.478000+00:00,2021-10-26 14:15:36.306000+00:00,1.0.0,3,104.0
noblox.js-proxy,noblox.js,True,False,2021-10-19 12:31:54.735000+00:00,2021-10-19 12:31:56.034000+00:00,1.0.0,5,107.0
noblox.js-rpc,noblox.js,True,True,2021-11-13 16:55:21.847000+00:00,2021-11-15 10:05:30.231000+00:00,1.0.0,1,
noddir,node-dir,True,False,2022-08-18 15:18:01.881000+00:00,2022-08-19 07:44:38.070000+00:00,1.2.0,1,35.0
node-bbael,node-babel,True,False,2022-08-18 22:50:04.054000+00:00,2022-08-19 08:45:52.084000+00:00,8.1.2,1,33.0
nodeglp,node-gyp,True,False,2022-08-18 15:18:10.529000+00:00,2022-08-19 07:44:46.344000+00:00,1.2.0,1,28.0
normaslizecss,normalize.css,True,False,2022-08-18 15:18:33.072000+00:00,2022-08-19 07:45:03.758000+00:00,1.2.0,1,24.0
npm-run-lal,npm-run-all,True,False,2022-08-18 15:56:19.811000+00:00,2022-08-19 08:20:18.245000+00:00,1.2.0,1,29.0
nuiversalify,universalify,True,True,2022-10-02 12:12:37.440000+00:00,2022-10-02 12:31:19.534000+00:00,2.0.1,2,
oaut,oauth,True,False,2022-08-18 15:56:46.659000+00:00,2022-08-19 08:20:38.508000+00:00,1.2.0,1,30.0
objebtassign,object-assign,True,False,2022-08-18 15:19:19.785000+00:00,2022-08-19 07:45:22.934000+00:00,1.2.0,1,38.0
odash.fareach,lodash.foreach,True,False,2022-08-18 15:56:50.513000+00:00,2022-08-19 08:20:41.291000+00:00,1.2.0,1,28.0
odashes,lodash,True,False,2022-08-18 15:19:34.547000+00:00,2022-08-19 07:45:34.515000+00:00,1.2.0,1,30.0
odashthrottle,lodash.throttle,True,False,2022-08-18 15:19:37.888000+00:00,2022-08-19 07:45:37.110000+00:00,1.2.0,1,29.0
odecache,node-cache,True,False,2022-08-18 15:19:41.370000+00:00,2022-08-19 07:45:40.191000+00:00,1.2.0,1,27.0
odeforge,node-forge,True,False,2022-08-18 15:19:44.853000+00:00,2022-08-19 07:45:42.866000+00:00,1.2.0,1,29.0
ogsymbos,log-symbols,True,False,2022-08-18 15:19:59.187000+00:00,2022-08-19 07:45:48.306000+00:00,1.2.0,1,26.0
opstcss-value-parser,postcss-value-parse,True,True,2022-10-02 14:00:47.713000+00:00,2022-10-02 14:56:25.473000+00:00,4.2.0,1,
path-to-reugep,path-to-regexp,True,False,2022-08-18 15:58:12.466000+00:00,2022-08-19 08:21:20.627000+00:00,1.2.0,1,34.0
poppejs,popper.js,True,False,2022-08-18 15:21:33.916000+00:00,2022-08-19 07:46:36.330000+00:00,1.2.0,1,35.0
poscssloader,postcss-loader,True,False,2022-08-18 15:21:39.886000+00:00,2022-08-19 07:46:39.520000+00:00,1.2.0,1,40.0
postcss-valeu-parser,postcss-value-parse,True,True,2022-10-02 14:02:26.975000+00:00,2022-10-02 14:56:31.762000+00:00,4.2.0,1,
postcss-value-aprser,postcss-value-parse,True,True,2022-10-02 14:02:36.088000+00:00,2022-10-02 14:56:32.447000+00:00,4.2.0,1,
postcss-value-paresr,postcss-value-parse,True,True,2022-10-02 14:03:06.756000+00:00,2022-10-02 14:56:34.468000+00:00,4.2.0,1,
postcss-value-parsre,postcss-value-parse,True,True,2022-10-02 14:03:14.939000+00:00,2022-10-02 14:56:35.189000+00:00,4.2.0,1,
postcss-value-pasrer,postcss-value-parse,True,True,2022-10-02 14:02:53.693000+00:00,2022-10-02 14:56:33.798000+00:00,4.2.0,1,
postcss-vaule-parser,postcss-value-parse,True,True,2022-10-02 14:02:12.876000+00:00,2022-10-02 14:56:30.876000+00:00,4.2.0,1,
postcss-vlaue-parser,postcss-value-parse,True,True,2022-10-02 14:02:00.508000+00:00,2022-10-02 14:56:29.799000+00:00,4.2.0,1,
postscs-value-parser,postcss-value-parse,True,True,2022-10-02 14:01:32.294000+00:00,2022-10-02 14:56:28.404000+00:00,4.2.0,1,
potscss-value-parser,postcss-value-parse,True,True,2022-10-02 14:01:10.768000+00:00,2022-10-02 14:56:26.908000+00:00,4.2.0,1,
proptyps,proptypes,True,False,2022-08-18 15:23:04.911000+00:00,2022-08-19 07:47:15.822000+00:00,1.2.0,1,34.0
prtetier,prettier,True,False,2022-08-18 15:23:20.513000+00:00,2022-08-19 07:47:18.505000+00:00,1.2.0,1,31.0
psotcss-value-parser,postcss-value-parse,True,True,2022-10-02 14:00:58.595000+00:00,2022-10-02 14:56:26.172000+00:00,4.2.0,1,
quewynstring,querystring,True,False,2022-08-18 15:24:27.647000+00:00,2022-08-19 07:47:34.951000+00:00,1.2.0,1,37.0
r2act,react,True,False,2022-08-18 16:00:23.417000+00:00,2022-08-19 08:36:54.149000+00:00,1.2.0,1,31.0
ractnative,react-native,True,False,2022-08-18 15:24:36.026000+00:00,2022-08-19 07:47:37.638000+00:00,1.2.0,1,29.0
randombytse,randombytes,True,False,2022-08-18 16:00:31.388000+00:00,2022-08-19 08:36:59.582000+00:00,1.2.0,1,39.0
rdeepgextend,deep-extend,True,False,2022-08-18 15:25:32.523000+00:00,2022-08-19 07:48:18.963000+00:00,1.2.0,1,27.0
rdis,redis,True,False,2022-08-18 16:00:41.222000+00:00,2022-08-19 08:37:02.198000+00:00,1.2.0,1,43.0
reac6-hintl,react-hint,True,False,2022-08-18 16:00:46.555000+00:00,2022-08-19 08:37:04.826000+00:00,1.2.0,1,41.0
react-erro-roevrlay,react-error-overlay,True,False,2022-08-18 16:01:15.674000+00:00,2022-08-19 08:37:15.651000+00:00,1.2.0,1,42.0
react-nati0e-vecor-icons,react-native-vector-icons,True,False,2022-08-18 16:01:32.328000+00:00,2022-08-19 08:37:18.167000+00:00,1.2.0,1,45.0
readabl-steam,readable-stream,True,False,2022-08-18 16:01:54.983000+00:00,2022-08-19 08:37:20.674000+00:00,1.2.0,1,28.0
readle-stream,readable-stream,True,False,2022-08-18 16:02:01.260000+00:00,2022-08-19 08:37:25.969000+00:00,1.2.0,1,35.0
rebact-eror-oveflay,react-error-overlay,True,False,2022-08-18 16:02:21.002000+00:00,2022-08-19 08:37:38.495000+00:00,1.2.0,1,30.0
recat-olor,react-color,True,False,2022-08-18 16:02:29.443000+00:00,2022-08-19 08:37:47.089000+00:00,1.2.0,1,30.0
redux-cations,redux-actions,True,False,2022-08-18 16:02:46.784000+00:00,2022-08-19 08:37:55.917000+00:00,1.2.0,1,35.0
regeneraor-runteime,regenerator-runtime,True,False,2022-08-18 16:03:01.922000+00:00,2022-08-19 08:38:01.538000+00:00,1.2.0,1,35.0
resize-obsever-pulyfjll,resize-observer-polyfill,True,False,2022-08-18 16:03:27.049000+00:00,2022-08-19 08:38:10.880000+00:00,1.2.0,1,34.0
retact-vrtualiied,react-virtualized,True,False,2022-08-18 16:03:32.090000+00:00,2022-08-19 08:38:14.777000+00:00,1.2.0,1,30.0
reuqireindex,requireindex,True,False,2022-08-18 16:03:37.350000+00:00,2022-08-19 08:38:17.507000+00:00,1.2.0,1,28.0
rollup-plugin-lnode-desolve,@rollup/plugin-node-resolve,True,False,2022-08-18 16:03:58.301000+00:00,2022-08-19 08:38:28.738000+00:00,1.2.0,1,29.0
rollup-pluginuls,@rollup/pluginutils,True,False,2022-08-18 16:04:01.764000+00:00,2022-08-19 08:38:31.590000+00:00,1.2.0,1,26.0
rollup-pugin-babek,@rollup/plugin-babel,True,False,2022-08-18 16:04:05.602000+00:00,2022-08-19 08:38:34.431000+00:00,1.2.0,1,35.0
sass-loadre,sass-loader,True,False,2022-08-18 16:05:47.617000+00:00,2022-08-19 08:39:28.810000+00:00,1.2.0,1,28.0
sass-lwadeoq,sass-loader,True,False,2022-08-18 16:05:50.623000+00:00,2022-08-19 08:39:31.470000+00:00,1.2.0,1,26.0
sehbang-command,shebang-command,True,True,2022-10-02 12:58:46.752000+00:00,2022-10-02 14:55:03.478000+00:00,2.0.0,1,
sequxeliwz,sequelize,True,False,2022-08-18 16:06:32.266000+00:00,2022-08-19 08:39:53.101000+00:00,1.2.0,1,25.0
setraverse,estraverse,True,True,2022-10-02 13:47:00.158000+00:00,2022-10-02 14:56:09.162000+00:00,5.3.0,1,
seuzelizke,sequelize,True,False,2022-08-18 16:06:55.879000+00:00,2022-08-19 08:39:58.453000+00:00,1.2.0,1,31.0
sheabng-command,shebang-command,True,True,2022-10-02 12:59:10.699000+00:00,2022-10-02 14:55:04.262000+00:00,2.0.0,1,
shebagn-command,shebang-command,True,True,2022-10-02 12:59:31.400000+00:00,2022-10-02 14:55:05.664000+00:00,2.0.0,1,
shebang-cmomand,shebang-command,True,True,2022-10-02 13:00:30.616000+00:00,2022-10-02 14:55:07.211000+00:00,2.0.0,1,
shebang-comamnd,shebang-command,True,True,2022-10-02 13:00:58.644000+00:00,2022-10-02 14:55:07.928000+00:00,2.0.0,1,
shebang-commadn,shebang-command,True,True,2022-10-02 13:01:19.477000+00:00,2022-10-02 14:55:09.558000+00:00,2.0.0,1,
shebang-commnad,shebang-command,True,True,2022-10-02 13:01:07.160000+00:00,2022-10-02 14:55:08.714000+00:00,2.0.0,1,
shebang-ocmmand,shebang-command,True,True,2022-10-02 13:00:09.896000+00:00,2022-10-02 14:55:06.475000+00:00,2.0.0,1,
shebnag-command,shebang-command,True,True,2022-10-02 12:59:21.828000+00:00,2022-10-02 14:55:04.965000+00:00,2.0.0,1,
shint,hint,True,False,2022-08-18 16:07:25.106000+00:00,2022-08-19 08:40:09.524000+00:00,1.2.0,1,31.0
sjesc,jsesc,True,True,2022-10-02 13:54:50.956000+00:00,2022-10-02 14:56:15.758000+00:00,3.0.2,1,
slughifvy,slugify,True,False,2022-08-18 16:08:01.848000+00:00,2022-08-19 08:40:22.748000+00:00,1.2.0,1,24.0
socket.ioo-cient,socket.io-client,True,False,2022-08-18 16:08:12.763000+00:00,2022-08-19 08:40:28.851000+00:00,1.2.0,1,24.0
socket.oi,socket.io,True,False,2019-04-04 14:04:02.776000+00:00,2022-08-19 03:54:41.533000+00:00,4.5.22,40,167.0
spuports-color,supports-colors,True,True,2022-10-02 13:16:07.256000+00:00,2022-10-02 14:55:25.204000+00:00,9.2.3,1,
srting-width,string-width,True,True,2022-10-02 13:37:08.174000+00:00,2022-10-02 14:55:53.077000+00:00,5.1.2,1,
srve-favico,serve-favicon,True,False,2022-08-18 16:09:13.116000+00:00,2022-08-19 08:40:52.507000+00:00,1.2.0,1,27.0
ss-loaoer,css-loader,True,False,2022-08-18 16:09:23.506000+00:00,2022-08-19 08:40:58.102000+00:00,1.2.0,1,31.0
stcak-trace,stack-trace,True,False,2022-08-18 16:09:33.329000+00:00,2022-08-19 08:41:01.272000+00:00,1.2.0,1,31.0
stirng-width,string-width,True,True,2022-10-02 13:37:21.389000+00:00,2022-10-02 14:55:53.804000+00:00,5.1.2,1,
strign-width,string-width,True,True,2022-10-02 13:37:42.812000+00:00,2022-10-02 14:55:55.207000+00:00,5.1.2,1,
string-iwdth,string-width,True,True,2022-10-02 13:37:56.436000+00:00,2022-10-02 14:55:56.006000+00:00,5.1.2,1,
string-wdith,string-width,True,True,2022-10-02 13:38:07.447000+00:00,2022-10-02 14:55:56.704000+00:00,5.1.2,1,
string-widht,string-width,True,True,2022-10-02 13:38:27.047000+00:00,2022-10-02 14:55:58.199000+00:00,5.1.2,1,
string-witdh,string-width,True,True,2022-10-02 13:38:17.115000+00:00,2022-10-02 14:55:57.347000+00:00,5.1.2,1,
stringjs_lib,string,True,False,2022-07-23 05:41:52.674000+00:00,2022-07-26 10:37:35.820000+00:00,0.2.1,1,42.0
strip-json-combmentd,strip-json-comments,True,False,2022-08-18 16:09:55.177000+00:00,2022-08-19 08:41:12.947000+00:00,1.2.0,1,33.0
strip-nasi,strip-ansi,True,False,2022-08-18 16:09:58.683000+00:00,2022-08-19 08:41:21.292000+00:00,1.2.0,1,30.0
strnig-width,string-width,True,True,2022-10-02 13:37:32.523000+00:00,2022-10-02 14:55:54.527000+00:00,5.1.2,1,
style-componenx,styled-components,True,False,2022-08-18 16:10:05.306000+00:00,2022-08-19 08:41:25.432000+00:00,1.2.0,1,27.0
suer,user,True,False,2022-08-18 16:10:23.203000+00:00,2022-08-19 08:41:32.948000+00:00,1.2.0,1,32.0
suhallowexqual,shallowequal,True,False,2022-08-18 16:10:25.962000+00:00,2022-08-19 08:41:36.479000+00:00,1.2.0,1,30.0
suorce-map,source-map,True,False,2022-08-18 16:10:29.073000+00:00,2022-08-19 08:41:39.778000+00:00,1.2.0,1,30.0
supoprts-color,supports-colors,True,True,2022-10-02 13:16:18.265000+00:00,2022-10-02 14:55:25.929000+00:00,9.2.3,1,
supporst-color,supports-colors,True,True,2022-10-02 13:17:03.607000+00:00,2022-10-02 14:55:28.102000+00:00,9.2.3,1,
support-colors,colors,True,False,2022-05-08 06:24:06.076000+00:00,2022-06-01 09:02:08.984000+00:00,1.4.0,1,107.0
supports-cloor,supports-colors,True,True,2022-10-02 13:17:26.977000+00:00,2022-10-02 14:55:29.630000+00:00,9.2.3,1,
supports-colro,supports-colors,True,True,2022-10-02 13:17:49.979000+00:00,2022-10-02 14:55:31.169000+00:00,9.2.3,1,
supports-coolr,supports-colors,True,True,2022-10-02 13:17:38.645000+00:00,2022-10-02 14:55:30.429000+00:00,9.2.3,1,
supports-oclor,supports-colors,True,True,2022-10-02 13:17:12.783000+00:00,2022-10-02 14:55:28.881000+00:00,9.2.3,1,
suppotrs-color,supports-colors,True,True,2022-10-02 13:16:52.091000+00:00,2022-10-02 14:55:27.330000+00:00,9.2.3,1,
supprots-color,supports-colors,True,True,2022-10-02 13:16:41.122000+00:00,2022-10-02 14:55:26.660000+00:00,9.2.3,1,
swlenium-wkebdriver,selenium-webdriver,True,False,2022-08-18 16:10:52.634000+00:00,2022-08-19 08:41:46.353000+00:00,1.2.0,1,26.0
sync-colors,colors,True,False,2022-05-08 04:23:04.786000+00:00,2022-06-01 09:02:17.602000+00:00,1.7.3,3,81.0
synfc-wrequest,sync-request,True,False,2022-08-18 16:10:58.657000+00:00,2022-08-19 08:41:54.450000+00:00,1.2.0,1,31.0
terser-ebrpack-plugin,terser-webpack-plugin,True,False,2022-08-18 16:11:21.685000+00:00,2022-08-19 08:42:05.732000+00:00,1.2.0,1,27.0
text-ytabl,text-table,True,False,2022-08-18 16:11:27.598000+00:00,2022-08-19 08:42:08.488000+00:00,1.2.0,1,24.0
thtp-errors,http-errors,True,True,2022-10-02 13:41:14.139000+00:00,2022-10-02 14:55:58.893000+00:00,2.0.0,1,
titles,title,True,False,2022-05-08 05:07:10.179000+00:00,2022-06-01 09:02:11.892000+00:00,3.4.4,1,87.0
tlsib,tslib,True,True,2022-10-02 13:35:17.117000+00:00,2022-10-02 14:55:49.701000+00:00,2.4.0,1,
traecr,tracer,True,False,2022-08-18 16:12:24.326000+00:00,2022-08-19 08:42:30.880000+00:00,1.2.0,1,23.0
trcer,tracer,True,False,2022-08-18 16:12:29.610000+00:00,2022-08-19 08:42:34.182000+00:00,1.2.0,1,27.0
tsilb,tslib,True,True,2022-10-02 13:35:29.338000+00:00,2022-10-02 14:55:50.950000+00:00,2.4.0,1,
tsilnt,tslint,True,False,2022-08-18 16:12:35.055000+00:00,2022-08-19 08:42:36.851000+00:00,1.2.0,1,28.0
tslbi,tslib,True,True,2022-10-02 13:35:45.109000+00:00,2022-10-02 14:55:51.578000+00:00,2.4.0,1,
tsli,tslint,True,False,2022-08-18 16:12:42.956000+00:00,2022-08-19 08:42:44.438000+00:00,1.2.0,1,357.0
tslnit,tslint,True,False,2022-08-18 16:12:54.915000+00:00,2022-08-19 08:42:47.425000+00:00,1.2.0,1,28.0
tsring-width,string-width,True,True,2022-10-02 13:36:44.312000+00:00,2022-10-02 14:55:52.320000+00:00,5.1.2,1,
ttp-error,http-errors,True,False,2022-08-16 13:32:12.795000+00:00,2022-08-19 08:45:39.978000+00:00,8.1.2,25,25.0
twilio-npm,twilio,True,False,2020-11-02 18:32:45.182000+00:00,2020-11-02 18:33:42.173000+00:00,1.0.0,3,406.0
uglp-rename,gulp-rename,True,False,2022-08-18 16:13:42.183000+00:00,2022-08-19 08:42:59.671000+00:00,1.2.0,1,26.0
uinversalify,universalify,True,True,2022-10-02 12:32:05.466000+00:00,2022-10-02 14:54:41.136000+00:00,2.0.0,1,
ulp-watcgh,gulp-watch,True,False,2022-08-18 16:14:00.371000+00:00,2022-08-19 08:43:08.448000+00:00,1.2.0,1,25.0
unievrsalify,universalify,True,True,2022-10-02 12:32:25.813000+00:00,2022-10-02 14:54:41.902000+00:00,2.0.0,1,
univeraslify,universalify,True,True,2022-10-02 12:33:40.512000+00:00,2022-10-02 14:54:44.057000+00:00,2.0.0,1,
universailfy,universalify,True,True,2022-10-02 12:34:26.910000+00:00,2022-10-02 14:54:45.842000+00:00,2.0.0,1,
universalfiy,universalify,True,True,2022-10-02 12:34:57.838000+00:00,2022-10-02 14:54:46.580000+00:00,2.0.0,1,
universaliyf,universalify,True,True,2022-10-02 12:35:15.254000+00:00,2022-10-02 14:54:47.275000+00:00,2.0.0,1,
universlaify,universalify,True,True,2022-10-02 12:33:58.653000+00:00,2022-10-02 14:54:45.034000+00:00,2.0.0,1,
univesralify,universalify,True,True,2022-10-02 12:33:14.871000+00:00,2022-10-02 14:54:43.283000+00:00,2.0.0,1,
univresalify,universalify,True,True,2022-10-02 12:32:56.968000+00:00,2022-10-02 14:54:42.601000+00:00,2.0.0,1,
unzdrscore,underscore,True,False,2022-08-18 16:14:15.066000+00:00,2022-08-19 08:43:16.690000+00:00,1.2.0,1,26.0
uplex-child-process,duplex-child-process,True,False,2022-08-18 22:49:26.636000+00:00,2022-08-19 08:45:45.304000+00:00,8.1.2,1,29.0
url-pafes,url-parser,True,False,2022-08-18 16:14:38.512000+00:00,2022-08-19 08:43:22.081000+00:00,1.2.0,1,27.0
url-w.parse,url-parse,True,False,2022-08-18 16:14:41.609000+00:00,2022-08-19 08:43:24.749000+00:00,1.2.0,1,21.0
uspports-color,supports-colors,True,True,2022-10-02 13:15:56.865000+00:00,2022-10-02 14:55:24.484000+00:00,9.2.3,1,
uwrljoin,url-join,True,False,2022-08-18 16:15:05.067000+00:00,2022-08-19 08:43:34.187000+00:00,1.2.0,1,25.0
validaqr,validator,True,False,2022-08-18 16:15:11.233000+00:00,2022-08-19 08:43:41.943000+00:00,1.2.0,1,27.0
vazliwd-url,valid-url,True,False,2022-08-18 16:15:14.419000+00:00,2022-08-19 08:43:44.805000+00:00,1.2.0,1,32.0
ve-loaer,vue-loader,True,False,2022-08-18 16:15:22.810000+00:00,2022-08-19 08:43:51.151000+00:00,1.2.0,1,26.0
veu-router,vue-router,True,False,2022-08-18 16:15:25.717000+00:00,2022-08-19 08:43:53.965000+00:00,1.2.0,1,79.0
vinyl-sf,vinyl-fs,True,False,2022-08-18 16:15:40.273000+00:00,2022-08-19 08:43:59.470000+00:00,1.2.0,1,26.0
vniyl-fs,vinyl-fs,True,False,2022-08-18 16:15:48.044000+00:00,2022-08-19 08:44:02.163000+00:00,1.2.0,1,24.0
vue-style-gloder,vue-style-loader,True,False,2022-08-18 16:16:13.418000+00:00,2022-08-19 08:44:04.667000+00:00,1.2.0,1,22.0
vueexxx,vue,True,True,2022-05-11 12:17:44.238000+00:00,2022-05-31 03:55:08.545000+00:00,1.0.5,4,
vuez-template-compile,vue-template-compiler,True,False,2022-08-18 16:16:21.190000+00:00,2022-08-19 08:44:07.683000+00:00,1.2.0,1,30.0
wbeidl-conversions,webidl-conversions,True,True,2022-10-02 12:50:18.737000+00:00,2022-10-02 14:54:51.802000+00:00,2.0.0,1,
wbpac-hot-middwleware,webpack-hot-middleware,True,False,2022-08-18 16:16:36.607000+00:00,2022-08-19 08:44:14.606000+00:00,1.2.0,1,26.0
wcebpack-bunde-analyzer,webpack-bundle-analyzer,True,False,2022-08-18 16:16:41.602000+00:00,2022-08-19 08:44:17.778000+00:00,1.2.0,1,24.0
weact-d5tepicker,react-datepicker,True,False,2022-08-18 16:16:44.960000+00:00,2022-08-19 08:44:20.749000+00:00,1.2.0,1,25.0
web-browserify,browserify,True,True,2021-04-08 18:31:43.443000+00:00,2021-04-11 09:56:13.125000+00:00,1.0.0,1,
weback,webpack,True,False,2022-08-18 16:16:52.032000+00:00,2022-08-19 08:44:24.033000+00:00,1.2.0,1,640.0
webb3,web3,True,False,2022-08-18 16:16:56.751000+00:00,2022-08-19 08:44:26.683000+00:00,1.2.0,1,33.0
webdl-conversions,webidl-conversions,True,True,2022-10-02 12:42:59.113000+00:00,2022-10-02 14:54:48.003000+00:00,2.0.0,1,
webid-conversions,webidl-conversions,True,True,2022-10-02 12:44:28.083000+00:00,2022-10-02 14:54:49.455000+00:00,2.0.0,1,
webidl-cnoversions,webidl-conversions,True,True,2022-10-02 12:52:03.034000+00:00,2022-10-02 14:54:55.696000+00:00,2.0.0,1,
webidl-conevrsions,webidl-conversions,True,True,2022-10-02 12:53:02.351000+00:00,2022-10-02 14:54:57.213000+00:00,2.0.0,1,
webidl-converisons,webidl-conversions,True,True,2022-10-02 12:54:12.416000+00:00,2022-10-02 14:54:59.484000+00:00,7.0.0,1,
webidl-conversinos,webidl-conversions,True,True,2022-10-02 12:54:33.917000+00:00,2022-10-02 14:55:00.937000+00:00,7.0.0,1,
webidl-conversion,webidl-conversions,True,True,2022-10-02 12:44:41.935000+00:00,2022-10-02 14:54:50.235000+00:00,2.0.0,1,
webidl-conversiosn,webidl-conversions,True,True,2022-10-02 12:54:45.854000+00:00,2022-10-02 14:55:01.755000+00:00,7.0.0,1,
webidl-conversoins,webidl-conversions,True,True,2022-10-02 12:54:21.946000+00:00,2022-10-02 14:55:00.236000+00:00,7.0.0,1,
webidl-convesrions,webidl-conversions,True,True,2022-10-02 12:53:57.225000+00:00,2022-10-02 14:54:58.738000+00:00,7.0.0,1,
webidl-convresions,webidl-conversions,True,True,2022-10-02 12:53:14.787000+00:00,2022-10-02 14:54:57.898000+00:00,2.0.0,1,
webidl-covnersions,webidl-conversions,True,True,2022-10-02 12:52:34.570000+00:00,2022-10-02 14:54:56.446000+00:00,2.0.0,1,
webidl-ocnversions,webidl-conversions,True,True,2022-10-02 12:51:51.313000+00:00,2022-10-02 14:54:54.963000+00:00,2.0.0,1,
webn5ack,webpack,True,False,2022-08-18 16:17:01.308000+00:00,2022-08-19 08:44:29.364000+00:00,1.2.0,1,26.0
webpack-3undle-analyr,webpack-bundle-analyzer,True,False,2022-08-18 16:17:04.745000+00:00,2022-08-19 08:44:32.286000+00:00,1.2.0,1,29.0
webpack-cil,webpack-cli,True,False,2019-04-04 13:53:42.699000+00:00,2022-08-19 08:44:35.472000+00:00,1.2.0,2,1034.0
webpback-dev-esrver,webpack-dev-server,True,False,2022-08-18 16:17:36.147000+00:00,2022-08-19 08:44:38.106000+00:00,1.2.0,1,30.0
weibdl-conversions,webidl-conversions,True,True,2022-10-02 12:50:32.490000+00:00,2022-10-02 14:54:52.660000+00:00,2.0.0,1,
wexack-node-externals,webpack-node-externals,True,False,2022-08-18 16:17:48.716000+00:00,2022-08-19 08:44:40.864000+00:00,1.2.0,1,26.0
wnode-acche,node-cache,True,False,2022-08-18 16:18:14.331000+00:00,2022-08-19 08:44:49.158000+00:00,1.2.0,1,24.0
xbcrypt-nohejs,bcrypt-node,True,False,2022-08-18 16:18:58.328000+00:00,2022-08-19 08:44:51.824000+00:00,1.2.0,1,23.0
xeedlx,needle,True,False,2022-08-18 16:19:08.785000+00:00,2022-08-19 08:44:57.092000+00:00,1.2.0,1,26.0
xpostcss-loadsr,postcss-loader,True,False,2022-08-18 16:20:02.930000+00:00,2022-08-19 08:45:10.883000+00:00,1.2.0,1,21.0
y1n8,y18n,True,True,2022-10-02 13:06:56.290000+00:00,2022-10-02 14:55:18.150000+00:00,5.0.8,1,
y81n,y18n,True,True,2022-10-02 13:06:42.981000+00:00,2022-10-02 14:55:17.232000+00:00,5.0.8,1,
yargs-parxe,yargs-parser,True,False,2022-08-18 16:20:30.570000+00:00,2022-08-19 08:45:23.043000+00:00,1.2.0,1,26.0
yeoman-genrator,yeoman-generator,True,False,2019-05-30 03:08:44.181000+00:00,2019-05-30 03:30:11.758000+00:00,1.0.0,1,314.0
yeoman-33enerator,yeoman-generator,True,False,2022-08-18 16:20:39.837000+00:00,2022-08-19 08:45:26.021000+00:00,1.2.0,1,24.0
yeoman-enviromenv,yeoman-environment,True,False,2022-08-18 16:20:43.351000+00:00,2022-08-19 08:45:29.122000+00:00,1.2.0,1,26.0
